inning,over,ball,total_runs,mi_batting
1,1,1,1,0
1,1,2,0,0
1,1,3,0,0
1,1,4,0,0
1,1,5,4,0
1,1,6,0,0
1,1,7,2,0
1,2,1,0,0
1,2,2,1,0
1,2,3,0,0
1,2,4,4,0
1,2,5,0,0
1,2,6,4,0
1,3,1,0,0
1,3,2,4,0
1,3,3,6,0
1,3,4,0,0
1,3,5,4,0
1,3,6,4,0
1,4,1,0,0
1,4,2,0,0
1,4,3,0,0
1,4,4,0,0
1,4,5,0,0
1,4,6,1,0
1,5,1,0,0
1,5,2,0,0
1,5,3,4,0
1,5,4,0,0
1,5,5,0,0
1,5,6,1,0
1,6,1,1,0
1,6,2,1,0
1,6,3,4,0
1,6,4,4,0
1,6,5,1,0
1,6,6,1,0
1,6,7,1,0
1,6,8,0,0
1,7,1,0,0
1,7,2,1,0
1,7,3,1,0
1,7,4,0,0
1,7,5,1,0
1,7,6,2,0
1,7,7,1,0
1,8,1,0,0
1,8,2,1,0
1,8,3,1,0
1,8,4,1,0
1,8,5,1,0
1,8,6,1,0
1,9,1,0,0
1,9,2,0,0
1,9,3,1,0
1,9,4,4,0
1,9,5,1,0
1,9,6,2,0
1,10,1,0,0
1,10,2,1,0
1,10,3,6,0
1,10,4,1,0
1,10,5,1,0
1,10,6,1,0
1,11,1,6,0
1,11,2,1,0
1,11,3,1,0
1,11,4,1,0
1,11,5,4,0
1,11,6,1,0
1,12,1,0,0
1,12,2,1,0
1,12,3,4,0
1,12,4,4,0
1,12,5,5,0
1,12,6,1,0
1,12,7,1,0
1,13,1,1,0
1,13,2,0,0
1,13,3,1,0
1,13,4,4,0
1,13,5,1,0
1,13,6,4,0
1,14,1,0,0
1,14,2,1,0
1,14,3,6,0
1,14,4,0,0
1,14,5,1,0
1,14,6,6,0
1,15,1,2,0
1,15,2,1,0
1,15,3,1,0
1,15,4,2,0
1,15,5,0,0
1,15,6,0,0
1,16,1,1,0
1,16,2,4,0
1,16,3,0,0
1,16,4,4,0
1,16,5,1,0
1,16,6,4,0
1,16,7,1,0
1,17,1,4,0
1,17,2,1,0
1,17,3,1,0
1,17,4,1,0
1,17,5,2,0
1,17,6,1,0
1,18,1,4,0
1,18,2,1,0
1,18,3,4,0
1,18,4,4,0
1,18,5,1,0
1,18,6,0,0
1,19,1,0,0
1,19,2,5,0
1,19,3,0,0
1,19,4,1,0
1,19,5,4,0
1,19,6,2,0
1,19,7,0,0
1,20,1,6,0
1,20,2,1,0
1,20,3,4,0
1,20,4,1,0
1,20,5,0,0
1,20,6,2,0
1,1,1,0,0
1,1,2,1,0
1,1,3,0,0
1,1,4,0,0
1,1,5,0,0
1,1,6,0,0
1,2,1,4,0
1,2,2,0,0
1,2,3,0,0
1,2,4,4,0
1,2,5,0,0
1,2,6,4,0
1,3,1,1,0
1,3,2,1,0
1,3,3,1,0
1,3,4,2,0
1,3,5,0,0
1,3,6,0,0
1,4,1,0,0
1,4,2,1,0
1,4,3,0,0
1,4,4,1,0
1,4,5,0,0
1,4,6,0,0
1,5,1,0,0
1,5,2,0,0
1,5,3,2,0
1,5,4,0,0
1,5,5,1,0
1,5,6,0,0
1,6,1,4,0
1,6,2,0,0
1,6,3,0,0
1,6,4,1,0
1,6,5,0,0
1,6,6,0,0
1,7,1,0,0
1,7,2,2,0
1,7,3,0,0
1,7,4,1,0
1,7,5,1,0
1,7,6,4,0
1,8,1,0,0
1,8,2,0,0
1,8,3,1,0
1,8,4,0,0
1,8,5,4,0
1,8,6,1,0
1,9,1,0,0
1,9,2,4,0
1,9,3,0,0
1,9,4,0,0
1,9,5,0,0
1,9,6,0,0
1,10,1,0,0
1,10,2,0,0
1,10,3,4,0
1,10,4,1,0
1,10,5,1,0
1,10,6,1,0
1,10,7,4,0
1,11,1,0,0
1,11,2,0,0
1,11,3,0,0
1,11,4,0,0
1,11,5,0,0
1,11,6,0,0
1,12,1,1,0
1,12,2,1,0
1,12,3,1,0
1,12,4,4,0
1,12,5,2,0
1,12,6,0,0
1,13,1,0,0
1,13,2,1,0
1,13,3,0,0
1,13,4,1,0
1,13,5,4,0
1,13,6,1,0
1,13,7,0,0
1,14,1,1,0
1,14,2,0,0
1,14,3,4,0
1,14,4,0,0
1,14,5,4,0
1,14,6,0,0
1,14,7,1,0
1,15,1,0,0
1,15,2,1,0
1,15,3,0,0
1,15,4,0,0
1,15,5,1,0
1,15,6,0,0
1,15,7,4,0
1,16,1,1,0
1,16,2,4,0
1,16,3,2,0
1,16,4,1,0
1,16,5,1,0
1,16,6,4,0
1,17,1,1,0
1,17,2,1,0
1,17,3,4,0
1,17,4,0,0
1,17,5,1,0
1,17,6,4,0
1,18,1,1,0
1,18,2,1,0
1,18,3,1,0
1,18,4,6,0
1,18,5,4,0
1,18,6,1,0
1,19,1,1,0
1,19,2,6,0
1,19,3,0,0
1,19,4,1,0
1,19,5,6,0
1,19,6,0,0
1,20,1,1,0
1,20,2,3,0
1,20,3,1,0
1,20,4,0,0
1,20,5,1,0
1,20,6,4,0
1,20,7,1,0
1,20,8,4,0
1,20,9,0,0
2,1,1,0,0
2,1,2,0,0
2,1,3,0,0
2,1,4,0,0
2,1,5,0,0
2,1,6,2,0
2,2,1,1,0
2,2,2,0,0
2,2,3,4,0
2,2,4,1,0
2,2,5,4,0
2,2,6,4,0
2,3,1,1,0
2,3,2,0,0
2,3,3,0,0
2,3,4,1,0
2,3,5,0,0
2,3,6,0,0
2,4,1,0,0
2,4,2,0,0
2,4,3,0,0
2,4,4,1,0
2,4,5,0,0
2,4,6,0,0
2,5,1,0,0
2,5,2,0,0
2,5,3,4,0
2,5,4,0,0
2,5,5,1,0
2,5,6,6,0
2,5,7,3,0
2,6,1,4,0
2,6,2,1,0
2,6,3,0,0
2,6,4,0,0
2,6,5,1,0
2,6,6,1,0
2,6,7,0,0
2,7,1,4,0
2,7,2,4,0
2,7,3,4,0
2,7,4,1,0
2,7,5,1,0
2,7,6,1,0
2,8,1,1,0
2,8,2,0,0
2,8,3,1,0
2,8,4,0,0
2,8,5,0,0
2,8,6,0,0
2,9,1,1,0
2,9,2,1,0
2,9,3,1,0
2,9,4,1,0
2,9,5,4,0
2,9,6,1,0
2,10,1,1,0
2,10,2,1,0
2,10,3,1,0
2,10,4,1,0
2,10,5,0,0
2,10,6,0,0
2,11,1,0,0
2,11,2,0,0
2,11,3,1,0
2,11,4,0,0
2,11,5,1,0
2,11,6,1,0
2,12,1,1,0
2,12,2,1,0
2,12,3,1,0
2,12,4,0,0
2,12,5,6,0
2,12,6,1,0
2,13,1,1,0
2,13,2,1,0
2,13,3,4,0
2,13,4,0,0
2,13,5,1,0
2,13,6,1,0
2,14,1,1,0
2,14,2,1,0
2,14,3,0,0
2,14,4,1,0
2,14,5,0,0
2,14,6,0,0
2,15,1,1,0
2,15,2,6,0
2,15,3,0,0
2,15,4,6,0
2,15,5,1,0
2,15,6,0,0
2,16,1,0,0
2,16,2,1,0
2,16,3,0,0
2,16,4,0,0
2,16,5,1,0
2,16,6,4,0
2,17,1,1,0
2,17,2,6,0
2,17,3,2,0
2,17,4,1,0
2,17,5,1,0
2,17,6,2,0
2,18,1,0,0
2,18,2,0,0
2,18,3,0,0
2,18,4,6,0
2,18,5,1,0
2,18,6,1,0
2,19,1,1,0
2,19,2,1,0
2,19,3,1,0
2,19,4,0,0
2,19,5,2,0
2,19,6,1,0
2,20,1,1,0
2,20,2,1,0
2,20,3,1,0
2,20,4,0,0
2,20,5,0,0
2,20,6,1,0
2,20,7,1,0
2,1,1,0,0
2,1,2,0,0
2,1,3,0,0
2,1,4,4,0
2,1,5,0,0
2,1,6,0,0
2,2,1,0,0
2,2,2,2,0
2,2,3,0,0
2,2,4,1,0
2,2,5,4,0
2,2,6,6,0
2,3,1,0,0
2,3,2,0,0
2,3,3,0,0
2,3,4,0,0
2,3,5,1,0
2,3,6,0,0
2,3,7,0,0
2,4,1,0,0
2,4,2,6,0
2,4,3,0,0
2,4,4,0,0
2,4,5,0,0
2,4,6,0,0
2,5,1,4,0
2,5,2,1,0
2,5,3,1,0
2,5,4,0,0
2,5,5,0,0
2,5,6,4,0
2,6,1,0,0
2,6,2,0,0
2,6,3,0,0
2,6,4,1,0
2,6,5,0,0
2,6,6,0,0
2,7,1,1,0
2,7,2,1,0
2,7,3,0,0
2,7,4,0,0
2,7,5,1,0
2,7,6,1,0
2,8,1,1,0
2,8,2,1,0
2,8,3,1,0
2,8,4,0,0
2,8,5,1,0
2,8,6,0,0
2,9,1,1,0
2,9,2,0,0
2,9,3,1,0
2,9,4,1,0
2,9,5,4,0
2,9,6,0,0
2,10,1,2,0
2,10,2,1,0
2,10,3,0,0
2,10,4,1,0
2,10,5,1,0
2,10,6,1,0
2,11,1,6,0
2,11,2,0,0
2,11,3,1,0
2,11,4,1,0
2,11,5,0,0
2,11,6,0,0
2,12,1,1,0
2,12,2,0,0
2,12,3,1,0
2,12,4,2,0
2,12,5,0,0
2,12,6,2,0
2,13,1,2,0
2,13,2,1,0
2,13,3,4,0
2,13,4,5,0
2,13,5,1,0
2,13,6,0,0
2,13,7,1,0
2,14,1,0,0
2,14,2,1,0
2,14,3,1,0
2,14,4,2,0
2,14,5,1,0
2,14,6,1,0
2,14,7,2,0
2,15,1,1,0
2,15,2,4,0
2,15,3,4,0
2,15,4,1,0
2,15,5,0,0
2,15,6,0,0
2,16,1,4,0
2,16,2,1,0
2,16,3,1,0
2,16,4,1,0
2,16,5,0,0
2,16,6,1,0
2,16,7,0,0
2,17,1,2,0
2,17,2,1,0
2,17,3,1,0
2,17,4,4,0
2,17,5,1,0
2,17,6,2,0
2,18,1,2,0
2,18,2,6,0
2,18,3,2,0
2,18,4,1,0
2,18,5,4,0
2,18,6,2,0
2,19,1,1,0
2,19,2,0,0
2,19,3,1,0
2,19,4,0,0
2,19,5,4,0
2,19,6,1,0
2,20,1,2,0
2,20,2,4,0
1,1,1,1,0
1,1,2,1,0
1,1,3,1,0
1,1,4,0,0
1,1,5,0,0
1,1,6,2,0
1,1,7,0,0
1,2,1,1,0
1,2,2,0,0
1,2,3,4,0
1,2,4,4,0
1,2,5,4,0
1,2,6,4,0
1,2,7,0,0
1,3,1,0,0
1,3,2,1,0
1,3,3,2,0
1,3,4,0,0
1,3,5,1,0
1,3,6,1,0
1,3,7,4,0
1,4,1,1,0
1,4,2,0,0
1,4,3,0,0
1,4,4,0,0
1,4,5,2,0
1,4,6,0,0
1,4,7,2,0
1,5,1,0,0
1,5,2,0,0
1,5,3,1,0
1,5,4,0,0
1,5,5,1,0
1,5,6,0,0
1,6,1,6,0
1,6,2,4,0
1,6,3,1,0
1,6,4,1,0
1,6,5,0,0
1,6,6,1,0
1,7,1,1,0
1,7,2,1,0
1,7,3,1,0
1,7,4,1,0
1,7,5,0,0
1,7,6,0,0
1,8,1,0,0
1,8,2,0,0
1,8,3,0,0
1,8,4,1,0
1,8,5,4,0
1,8,6,1,0
1,9,1,2,0
1,9,2,4,0
1,9,3,1,0
1,9,4,1,0
1,9,5,1,0
1,9,6,1,0
1,10,1,1,0
1,10,2,6,0
1,10,3,4,0
1,10,4,1,0
1,10,5,1,0
1,10,6,1,0
1,11,1,2,0
1,11,2,1,0
1,11,3,0,0
1,11,4,4,0
1,11,5,1,0
1,11,6,1,0
1,11,7,1,0
1,12,1,1,0
1,12,2,0,0
1,12,3,2,0
1,12,4,1,0
1,12,5,1,0
1,12,6,1,0
1,12,7,0,0
1,13,1,1,0
1,13,2,4,0
1,13,3,0,0
1,13,4,1,0
1,13,5,1,0
1,13,6,4,0
1,13,7,0,0
1,14,1,4,0
1,14,2,1,0
1,14,3,1,0
1,14,4,0,0
1,14,5,1,0
1,14,6,0,0
1,14,7,1,0
1,15,1,2,0
1,15,2,1,0
1,15,3,1,0
1,15,4,0,0
1,15,5,1,0
1,15,6,1,0
1,16,1,1,0
1,16,2,1,0
1,16,3,1,0
1,16,4,2,0
1,16,5,1,0
1,16,6,4,0
1,17,1,1,0
1,17,2,0,0
1,17,3,6,0
1,17,4,2,0
1,17,5,1,0
1,17,6,1,0
1,17,7,4,0
1,18,1,1,0
1,18,2,4,0
1,18,3,1,0
1,18,4,1,0
1,18,5,2,0
1,18,6,1,0
1,19,1,1,0
1,19,2,1,0
1,19,3,4,0
1,19,4,1,0
1,19,5,4,0
1,19,6,1,0
1,20,1,1,0
1,20,2,1,0
1,20,3,1,0
1,20,4,1,0
1,20,5,1,0
1,20,6,1,0
1,20,7,1,0
1,1,1,0,0
1,1,2,0,0
1,1,3,0,0
1,1,4,2,0
1,1,5,4,0
1,1,6,0,0
1,2,1,0,0
1,2,2,1,0
1,2,3,0,0
1,2,4,0,0
1,2,5,1,0
1,2,6,4,0
1,3,1,4,0
1,3,2,0,0
1,3,3,1,0
1,3,4,1,0
1,3,5,0,0
1,3,6,5,0
1,3,7,1,0
1,4,1,1,0
1,4,2,0,0
1,4,3,0,0
1,4,4,1,0
1,4,5,0,0
1,4,6,1,0
1,4,7,0,0
1,5,1,1,0
1,5,2,0,0
1,5,3,1,0
1,5,4,6,0
1,5,5,0,0
1,5,6,0,0
1,6,1,0,0
1,6,2,4,0
1,6,3,2,0
1,6,4,0,0
1,6,5,1,0
1,6,6,0,0
1,7,1,5,0
1,7,2,1,0
1,7,3,0,0
1,7,4,1,0
1,7,5,0,0
1,7,6,4,0
1,7,7,0,0
1,8,1,1,0
1,8,2,1,0
1,8,3,1,0
1,8,4,1,0
1,8,5,1,0
1,8,6,1,0
1,8,7,1,0
1,9,1,1,0
1,9,2,1,0
1,9,3,1,0
1,9,4,6,0
1,9,5,0,0
1,9,6,0,0
1,9,7,1,0
1,10,1,1,0
1,10,2,1,0
1,10,3,4,0
1,10,4,2,0
1,10,5,4,0
1,10,6,2,0
1,10,7,1,0
1,11,1,1,0
1,11,2,2,0
1,11,3,4,0
1,11,4,2,0
1,11,5,2,0
1,11,6,0,0
1,12,1,1,0
1,12,2,1,0
1,12,3,1,0
1,12,4,1,0
1,12,5,4,0
1,12,6,1,0
1,13,1,1,0
1,13,2,1,0
1,13,3,0,0
1,13,4,1,0
1,13,5,1,0
1,13,6,1,0
1,13,7,1,0
1,14,1,4,0
1,14,2,1,0
1,14,3,1,0
1,14,4,2,0
1,14,5,0,0
1,14,6,0,0
1,15,1,0,0
1,15,2,2,0
1,15,3,1,0
1,15,4,0,0
1,15,5,1,0
1,15,6,1,0
1,16,1,0,0
1,16,2,0,0
1,16,3,1,0
1,16,4,1,0
1,16,5,1,0
1,16,6,1,0
1,17,1,1,0
1,17,2,1,0
1,17,3,1,0
1,17,4,2,0
1,17,5,1,0
1,17,6,1,0
1,17,7,0,0
1,18,1,1,0
1,18,2,1,0
1,18,3,1,0
1,18,4,1,0
1,18,5,1,0
1,18,6,1,0
1,19,1,1,0
1,19,2,4,0
1,19,3,0,0
1,19,4,1,0
1,19,5,1,0
1,19,6,4,0
1,20,1,2,0
1,20,2,2,0
1,20,3,1,0
1,20,4,4,0
1,20,5,0,0
1,20,6,4,0
1,1,1,1,0
1,1,2,0,0
1,1,3,0,0
1,1,4,0,0
1,1,5,1,0
1,1,6,2,0
1,2,1,1,0
1,2,2,0,0
1,2,3,1,0
1,2,4,0,0
1,2,5,0,0
1,2,6,0,0
1,3,1,1,0
1,3,2,0,0
1,3,3,0,0
1,3,4,6,0
1,3,5,0,0
1,3,6,0,0
1,4,1,0,0
1,4,2,6,0
1,4,3,1,0
1,4,4,0,0
1,4,5,0,0
1,4,6,0,0
1,5,1,4,0
1,5,2,0,0
1,5,3,1,0
1,5,4,0,0
1,5,5,4,0
1,5,6,0,0
1,6,1,1,0
1,6,2,0,0
1,6,3,1,0
1,6,4,1,0
1,6,5,6,0
1,6,6,1,0
1,6,7,1,0
1,7,1,0,0
1,7,2,1,0
1,7,3,1,0
1,7,4,1,0
1,7,5,0,0
1,7,6,0,0
1,8,1,1,0
1,8,2,0,0
1,8,3,0,0
1,8,4,0,0
1,8,5,0,0
1,8,6,0,0
1,9,1,1,0
1,9,2,1,0
1,9,3,1,0
1,9,4,0,0
1,9,5,1,0
1,9,6,1,0
1,10,1,1,0
1,10,2,1,0
1,10,3,1,0
1,10,4,1,0
1,10,5,4,0
1,10,6,1,0
1,11,1,1,0
1,11,2,1,0
1,11,3,4,0
1,11,4,1,0
1,11,5,1,0
1,11,6,1,0
1,12,1,0,0
1,12,2,0,0
1,12,3,0,0
1,12,4,0,0
1,12,5,0,0
1,12,6,1,0
1,13,1,6,0
1,13,2,1,0
1,13,3,0,0
1,13,4,0,0
1,13,5,1,0
1,13,6,4,0
1,14,1,1,0
1,14,2,1,0
1,14,3,1,0
1,14,4,1,0
1,14,5,3,0
1,14,6,4,0
1,15,1,1,0
1,15,2,2,0
1,15,3,2,0
1,15,4,4,0
1,15,5,6,0
1,15,6,1,0
1,15,7,1,0
1,16,1,1,0
1,16,2,2,0
1,16,3,6,0
1,16,4,2,0
1,16,5,6,0
1,16,6,2,0
1,17,1,1,0
1,17,2,4,0
1,17,3,0,0
1,17,4,1,0
1,17,5,1,0
1,17,6,1,0
1,17,7,4,0
1,18,1,0,0
1,18,2,1,0
1,18,3,4,0
1,18,4,1,0
1,18,5,1,0
1,18,6,0,0
1,19,1,0,0
1,19,2,0,0
1,19,3,1,0
1,19,4,2,0
1,19,5,6,0
1,19,6,2,0
1,20,1,0,0
1,20,2,0,0
1,20,3,0,0
1,20,4,0,0
1,20,5,5,0
1,20,6,4,0
1,20,7,2,0
2,1,1,4,0
2,1,2,0,0
2,1,3,0,0
2,1,4,0,0
2,1,5,1,0
2,1,6,0,0
2,1,7,0,0
2,2,1,1,0
2,2,2,1,0
2,2,3,1,0
2,2,4,0,0
2,2,5,1,0
2,2,6,1,0
2,2,7,0,0
2,3,1,1,0
2,3,2,1,0
2,3,3,4,0
2,3,4,0,0
2,3,5,0,0
2,3,6,6,0
2,3,7,0,0
2,4,1,4,0
2,4,2,4,0
2,4,3,1,0
2,4,4,0,0
2,4,5,4,0
2,4,6,0,0
2,5,1,0,0
2,5,2,1,0
2,5,3,1,0
2,5,4,1,0
2,5,5,0,0
2,5,6,0,0
2,6,1,0,0
2,6,2,1,0
2,6,3,0,0
2,6,4,4,0
2,6,5,0,0
2,6,6,1,0
2,7,1,1,0
2,7,2,1,0
2,7,3,1,0
2,7,4,1,0
2,7,5,4,0
2,7,6,1,0
2,8,1,4,0
2,8,2,1,0
2,8,3,1,0
2,8,4,1,0
2,8,5,1,0
2,8,6,0,0
2,9,1,1,0
2,9,2,4,0
2,9,3,1,0
2,9,4,1,0
2,9,5,6,0
2,9,6,2,0
2,10,1,4,0
2,10,2,1,0
2,10,3,1,0
2,10,4,0,0
2,10,5,1,0
2,10,6,1,0
2,11,1,1,0
2,11,2,1,0
2,11,3,1,0
2,11,4,2,0
2,11,5,4,0
2,11,6,4,0
2,12,1,1,0
2,12,2,0,0
2,12,3,0,0
2,12,4,2,0
2,12,5,0,0
2,12,6,1,0
2,13,1,0,0
2,13,2,0,0
2,13,3,0,0
2,13,4,0,0
2,13,5,0,0
2,13,6,1,0
2,14,1,0,0
2,14,2,0,0
2,14,3,0,0
2,14,4,1,0
2,14,5,1,0
2,14,6,1,0
2,14,7,1,0
2,14,8,4,0
2,15,1,1,0
2,15,2,1,0
2,15,3,1,0
2,15,4,6,0
2,15,5,0,0
2,15,6,0,0
2,15,7,0,0
2,16,1,0,0
2,16,2,1,0
2,16,3,1,0
2,16,4,1,0
2,16,5,1,0
2,16,6,0,0
2,16,7,0,0
2,17,1,1,0
2,17,2,4,0
2,17,3,1,0
2,17,4,1,0
2,17,5,1,0
2,17,6,1,0
2,17,7,2,0
2,17,8,1,0
2,18,1,1,0
2,18,2,0,0
2,18,3,0,0
2,18,4,0,0
2,18,5,1,0
2,18,6,0,0
2,19,1,1,0
2,19,2,0,0
2,19,3,2,0
2,19,4,0,0
2,19,5,0,0
2,19,6,0,0
2,20,1,2,0
2,20,2,0,0
2,20,3,6,0
2,20,4,2,0
2,20,5,4,0
2,20,6,2,0
1,1,1,1,0
1,1,2,0,0
1,1,3,3,0
1,1,4,0,0
1,1,5,0,0
1,1,6,0,0
1,1,7,1,0
1,2,1,1,0
1,2,2,1,0
1,2,3,0,0
1,2,4,0,0
1,2,5,0,0
1,2,6,1,0
1,2,7,1,0
1,3,1,3,0
1,3,2,0,0
1,3,3,0,0
1,3,4,0,0
1,3,5,1,0
1,3,6,1,0
1,3,7,1,0
1,4,1,0,0
1,4,2,2,0
1,4,3,6,0
1,4,4,1,0
1,4,5,0,0
1,4,6,4,0
1,5,1,1,0
1,5,2,1,0
1,5,3,2,0
1,5,4,1,0
1,5,5,1,0
1,5,6,0,0
1,6,1,1,0
1,6,2,1,0
1,6,3,1,0
1,6,4,1,0
1,6,5,0,0
1,6,6,4,0
1,7,1,1,0
1,7,2,1,0
1,7,3,0,0
1,7,4,0,0
1,7,5,1,0
1,7,6,1,0
1,7,7,1,0
1,7,8,1,0
1,8,1,0,0
1,8,2,1,0
1,8,3,4,0
1,8,4,1,0
1,8,5,4,0
1,8,6,4,0
1,9,1,0,0
1,9,2,1,0
1,9,3,0,0
1,9,4,1,0
1,9,5,4,0
1,9,6,1,0
1,10,1,1,0
1,10,2,0,0
1,10,3,4,0
1,10,4,1,0
1,10,5,0,0
1,10,6,0,0
1,11,1,0,0
1,11,2,1,0
1,11,3,1,0
1,11,4,1,0
1,11,5,0,0
1,11,6,1,0
1,11,7,1,0
1,12,1,0,0
1,12,2,0,0
1,12,3,1,0
1,12,4,1,0
1,12,5,1,0
1,12,6,1,0
1,13,1,0,0
1,13,2,1,0
1,13,3,0,0
1,13,4,0,0
1,13,5,0,0
1,13,6,1,0
1,14,1,1,0
1,14,2,0,0
1,14,3,1,0
1,14,4,1,0
1,14,5,1,0
1,14,6,0,0
1,15,1,0,0
1,15,2,1,0
1,15,3,0,0
1,15,4,1,0
1,15,5,1,0
1,15,6,1,0
1,15,7,1,0
1,16,1,0,0
1,16,2,0,0
1,16,3,1,0
1,16,4,1,0
1,16,5,1,0
1,16,6,1,0
1,17,1,0,0
1,17,2,1,0
1,17,3,1,0
1,17,4,0,0
1,17,5,0,0
1,17,6,1,0
1,18,1,1,0
1,18,2,0,0
1,18,3,0,0
1,18,4,0,0
1,18,5,1,0
1,18,6,0,0
1,19,1,1,0
1,19,2,0,0
1,19,3,1,0
1,19,4,1,0
1,19,5,1,0
1,19,6,1,0
1,20,1,1,0
1,20,2,1,0
1,20,3,0,0
1,20,4,1,0
1,20,5,0,0
1,1,1,4,0
1,1,2,0,0
1,1,3,0,0
1,1,4,2,0
1,1,5,0,0
1,1,6,1,0
1,2,1,4,0
1,2,2,0,0
1,2,3,0,0
1,2,4,1,0
1,2,5,0,0
1,2,6,3,0
1,3,1,0,0
1,3,2,1,0
1,3,3,0,0
1,3,4,1,0
1,3,5,1,0
1,3,6,0,0
1,4,1,1,0
1,4,2,0,0
1,4,3,0,0
1,4,4,1,0
1,4,5,0,0
1,4,6,1,0
1,4,7,1,0
1,5,1,1,0
1,5,2,1,0
1,5,3,6,0
1,5,4,4,0
1,5,5,6,0
1,5,6,6,0
1,5,7,0,0
1,6,1,1,0
1,6,2,0,0
1,6,3,4,0
1,6,4,0,0
1,6,5,0,0
1,6,6,1,0
1,7,1,0,0
1,7,2,0,0
1,7,3,0,0
1,7,4,0,0
1,7,5,4,0
1,7,6,1,0
1,8,1,0,0
1,8,2,0,0
1,8,3,0,0
1,8,4,1,0
1,8,5,1,0
1,8,6,0,0
1,8,7,1,0
1,9,1,0,0
1,9,2,4,0
1,9,3,1,0
1,9,4,1,0
1,9,5,2,0
1,9,6,0,0
1,9,7,0,0
1,10,1,0,0
1,10,2,1,0
1,10,3,0,0
1,10,4,1,0
1,10,5,1,0
1,10,6,1,0
1,11,1,1,0
1,11,2,4,0
1,11,3,1,0
1,11,4,0,0
1,11,5,1,0
1,11,6,6,0
1,12,1,0,0
1,12,2,1,0
1,12,3,1,0
1,12,4,2,0
1,12,5,1,0
1,12,6,1,0
1,12,7,1,0
1,13,1,6,0
1,13,2,1,0
1,13,3,1,0
1,13,4,0,0
1,13,5,2,0
1,13,6,4,0
1,14,1,0,0
1,14,2,4,0
1,14,3,1,0
1,14,4,1,0
1,14,5,1,0
1,14,6,1,0
1,15,1,0,0
1,15,2,1,0
1,15,3,1,0
1,15,4,4,0
1,15,5,1,0
1,15,6,2,0
1,16,1,0,0
1,16,2,2,0
1,16,3,2,0
1,16,4,6,0
1,16,5,4,0
1,16,6,1,0
1,17,1,1,0
1,17,2,1,0
1,17,3,1,0
1,17,4,6,0
1,17,5,1,0
1,17,6,1,0
1,18,1,1,0
1,18,2,0,0
1,18,3,4,0
1,18,4,4,0
1,18,5,0,0
1,18,6,2,0
1,19,1,1,0
1,19,2,1,0
1,19,3,0,0
1,19,4,6,0
1,19,5,1,0
1,19,6,0,0
1,20,1,0,0
1,20,2,2,0
1,20,3,1,0
1,20,4,1,0
1,20,5,0,0
1,20,6,0,0
1,1,1,0,0
1,1,2,0,0
1,1,3,0,0
1,1,4,1,0
1,1,5,0,0
1,1,6,0,0
1,2,1,0,0
1,2,2,0,0
1,2,3,1,0
1,2,4,0,0
1,2,5,0,0
1,2,6,0,0
1,2,7,2,0
1,3,1,0,0
1,3,2,0,0
1,3,3,0,0
1,3,4,0,0
1,3,5,0,0
1,3,6,0,0
1,4,1,4,0
1,4,2,0,0
1,4,3,4,0
1,4,4,0,0
1,4,5,1,0
1,4,6,1,0
1,5,1,4,0
1,5,2,0,0
1,5,3,0,0
1,5,4,4,0
1,5,5,0,0
1,5,6,0,0
1,6,1,0,0
1,6,2,1,0
1,6,3,4,0
1,6,4,1,0
1,6,5,1,0
1,6,6,1,0
1,7,1,0,0
1,7,2,1,0
1,7,3,0,0
1,7,4,4,0
1,7,5,0,0
1,7,6,1,0
1,8,1,2,0
1,8,2,1,0
1,8,3,0,0
1,8,4,1,0
1,8,5,1,0
1,8,6,0,0
1,9,1,0,0
1,9,2,2,0
1,9,3,0,0
1,9,4,0,0
1,9,5,4,0
1,9,6,0,0
1,10,1,4,0
1,10,2,1,0
1,10,3,0,0
1,10,4,4,0
1,10,5,4,0
1,10,6,1,0
1,11,1,1,0
1,11,2,1,0
1,11,3,6,0
1,11,4,1,0
1,11,5,6,0
1,11,6,4,0
1,12,1,0,0
1,12,2,0,0
1,12,3,1,0
1,12,4,0,0
1,12,5,1,0
1,12,6,0,0
1,12,7,0,0
1,13,1,1,0
1,13,2,1,0
1,13,3,1,0
1,13,4,4,0
1,13,5,4,0
1,13,6,1,0
1,14,1,1,0
1,14,2,0,0
1,14,3,1,0
1,14,4,4,0
1,14,5,1,0
1,14,6,1,0
1,15,1,4,0
1,15,2,0,0
1,15,3,1,0
1,15,4,1,0
1,15,5,0,0
1,15,6,6,0
1,16,1,0,0
1,16,2,4,0
1,16,3,4,0
1,16,4,4,0
1,16,5,1,0
1,16,6,1,0
1,17,1,1,0
1,17,2,4,0
1,17,3,1,0
1,17,4,4,0
1,17,5,1,0
1,17,6,2,0
1,18,1,0,0
1,18,2,1,0
1,18,3,4,0
1,18,4,2,0
1,18,5,1,0
1,18,6,1,0
1,19,1,2,0
1,19,2,4,0
1,19,3,1,0
1,19,4,6,0
1,19,5,1,0
1,19,6,4,0
1,20,1,2,0
1,20,2,1,0
1,20,3,1,0
1,20,4,6,0
1,20,5,6,0
1,20,6,1,0
1,20,7,2,0
2,1,1,1,0
2,1,2,2,0
2,1,3,0,0
2,1,4,0,0
2,1,5,1,0
2,1,6,1,0
2,2,1,2,0
2,2,2,1,0
2,2,3,2,0
2,2,4,0,0
2,2,5,0,0
2,2,6,0,0
2,3,1,0,0
2,3,2,4,0
2,3,3,0,0
2,3,4,0,0
2,3,5,0,0
2,3,6,0,0
2,4,1,3,0
2,4,2,1,0
2,4,3,1,0
2,4,4,4,0
2,4,5,0,0
2,4,6,3,0
2,4,7,4,0
2,5,1,0,0
2,5,2,0,0
2,5,3,0,0
2,5,4,0,0
2,5,5,2,0
2,5,6,0,0
2,6,1,0,0
2,6,2,0,0
2,6,3,0,0
2,6,4,0,0
2,6,5,4,0
2,6,6,0,0
2,7,1,1,0
2,7,2,1,0
2,7,3,1,0
2,7,4,0,0
2,7,5,1,0
2,7,6,0,0
2,8,1,1,0
2,8,2,0,0
2,8,3,1,0
2,8,4,0,0
2,8,5,2,0
2,8,6,0,0
2,9,1,1,0
2,9,2,1,0
2,9,3,1,0
2,9,4,1,0
2,9,5,0,0
2,9,6,1,0
2,10,1,1,0
2,10,2,1,0
2,10,3,0,0
2,10,4,1,0
2,10,5,4,0
2,10,6,2,0
2,11,1,0,0
2,11,2,0,0
2,11,3,1,0
2,11,4,0,0
2,11,5,2,0
2,11,6,1,0
2,12,1,1,0
2,12,2,0,0
2,12,3,0,0
2,12,4,1,0
2,12,5,1,0
2,12,6,0,0
2,12,7,1,0
2,13,1,0,0
2,13,2,0,0
2,13,3,1,0
2,13,4,1,0
2,13,5,0,0
2,13,6,2,0
2,14,1,0,0
2,14,2,0,0
2,14,3,1,0
2,14,4,1,0
2,14,5,4,0
2,14,6,4,0
2,15,1,0,0
2,15,2,6,0
2,15,3,1,0
2,15,4,4,0
2,15,5,1,0
2,15,6,1,0
2,16,1,4,0
2,16,2,0,0
2,16,3,0,0
2,16,4,0,0
2,16,5,1,0
2,16,6,1,0
2,17,1,6,0
2,17,2,1,0
2,17,3,1,0
2,17,4,1,0
2,17,5,0,0
2,17,6,1,0
2,18,1,6,0
2,18,2,4,0
2,18,3,1,0
2,18,4,4,0
2,18,5,1,0
2,18,6,1,0
2,18,7,0,0
2,18,8,0,0
2,19,1,1,0
2,19,2,0,0
2,19,3,0,0
2,19,4,0,0
2,19,5,1,0
2,19,6,2,0
2,19,7,6,0
2,19,8,1,0
2,20,1,0,0
2,20,2,0,0
2,20,3,2,0
2,20,4,0,0
2,20,5,0,0
2,20,6,0,0
2,1,1,0,0
2,1,2,0,0
2,1,3,2,0
2,1,4,4,0
2,1,5,0,0
2,1,6,0,0
2,2,1,0,0
2,2,2,1,0
2,2,3,1,0
2,2,4,1,0
2,2,5,0,0
2,2,6,0,0
2,3,1,0,0
2,3,2,0,0
2,3,3,0,0
2,3,4,0,0
2,3,5,0,0
2,3,6,1,0
2,4,1,0,0
2,4,2,0,0
2,4,3,4,0
2,4,4,4,0
2,4,5,0,0
2,4,6,0,0
2,5,1,1,0
2,5,2,0,0
2,5,3,0,0
2,5,4,0,0
2,5,5,1,0
2,5,6,1,0
2,6,1,0,0
2,6,2,6,0
2,6,3,1,0
2,6,4,1,0
2,6,5,1,0
2,6,6,0,0
2,6,7,2,0
2,7,1,0,0
2,7,2,1,0
2,7,3,1,0
2,7,4,0,0
2,7,5,0,0
2,7,6,0,0
2,8,1,0,0
2,8,2,0,0
2,8,3,0,0
2,8,4,0,0
2,8,5,1,0
2,8,6,1,0
2,9,1,1,0
2,9,2,1,0
2,9,3,1,0
2,9,4,0,0
2,9,5,1,0
2,9,6,0,0
2,10,1,0,0
2,10,2,1,0
2,10,3,1,0
2,10,4,4,0
2,10,5,0,0
2,10,6,2,0
2,11,1,2,0
2,11,2,0,0
2,11,3,2,0
2,11,4,0,0
2,11,5,0,0
2,11,6,0,0
2,12,1,0,0
2,12,2,0,0
2,12,3,0,0
2,12,4,1,0
2,12,5,0,0
2,12,6,1,0
2,12,7,0,0
2,13,1,0,0
2,13,2,0,0
2,13,3,0,0
2,13,4,0,0
2,13,5,1,0
2,13,6,0,0
2,14,1,2,0
2,14,2,4,0
2,14,3,5,0
2,14,4,2,0
2,14,5,1,0
2,14,6,1,0
2,14,7,1,0
2,14,8,4,0
2,15,1,1,0
2,15,2,1,0
2,15,3,0,0
2,15,4,0,0
2,15,5,0,0
2,15,6,1,0
2,16,1,1,0
2,16,2,0,0
1,1,1,4,0
1,1,2,0,0
1,1,3,0,0
1,1,4,0,0
1,1,5,1,0
1,1,6,1,0
1,2,1,0,0
1,2,2,4,0
1,2,3,4,0
1,2,4,0,0
1,2,5,2,0
1,2,6,2,0
1,3,1,4,0
1,3,2,1,0
1,3,3,0,0
1,3,4,3,0
1,3,5,0,0
1,3,6,1,0
1,4,1,1,0
1,4,2,0,0
1,4,3,1,0
1,4,4,0,0
1,4,5,0,0
1,4,6,0,0
1,5,1,1,0
1,5,2,0,0
1,5,3,4,0
1,5,4,4,0
1,5,5,1,0
1,5,6,0,0
1,6,1,1,0
1,6,2,1,0
1,6,3,4,0
1,6,4,0,0
1,6,5,1,0
1,6,6,1,0
1,7,1,1,0
1,7,2,0,0
1,7,3,1,0
1,7,4,1,0
1,7,5,1,0
1,7,6,1,0
1,8,1,0,0
1,8,2,0,0
1,8,3,1,0
1,8,4,1,0
1,8,5,1,0
1,8,6,0,0
1,9,1,1,0
1,9,2,1,0
1,9,3,4,0
1,9,4,0,0
1,9,5,1,0
1,9,6,1,0
1,10,1,1,0
1,10,2,1,0
1,10,3,1,0
1,10,4,1,0
1,10,5,1,0
1,10,6,1,0
1,11,1,2,0
1,11,2,1,0
1,11,3,1,0
1,11,4,4,0
1,11,5,1,0
1,11,6,6,0
1,12,1,1,0
1,12,2,0,0
1,12,3,1,0
1,12,4,1,0
1,12,5,6,0
1,12,6,1,0
1,13,1,2,0
1,13,2,1,0
1,13,3,1,0
1,13,4,2,0
1,13,5,6,0
1,13,6,1,0
1,14,1,0,0
1,14,2,1,0
1,14,3,0,0
1,14,4,1,0
1,14,5,1,0
1,14,6,4,0
1,15,1,1,0
1,15,2,6,0
1,15,3,1,0
1,15,4,1,0
1,15,5,2,0
1,15,6,0,0
1,16,1,4,0
1,16,2,4,0
1,16,3,1,0
1,16,4,1,0
1,16,5,1,0
1,16,6,1,0
1,17,1,1,0
1,17,2,0,0
1,17,3,6,0
1,17,4,4,0
1,17,5,2,0
1,17,6,1,0
1,18,1,2,0
1,18,2,1,0
1,18,3,1,0
1,18,4,1,0
1,18,5,1,0
1,18,6,4,0
1,19,1,1,0
1,19,2,1,0
1,19,3,1,0
1,19,4,4,0
1,19,5,1,0
1,19,6,4,0
1,20,1,6,0
1,20,2,1,0
1,20,3,6,0
1,20,4,1,0
1,20,5,1,0
1,20,6,4,0
2,1,1,1,0
2,1,2,0,0
2,1,3,1,0
2,1,4,0,0
2,1,5,0,0
2,1,6,0,0
2,2,1,0,0
2,2,2,1,0
2,2,3,0,0
2,2,4,0,0
2,2,5,0,0
2,2,6,1,0
2,2,7,1,0
2,3,1,1,0
2,3,2,0,0
2,3,3,1,0
2,3,4,1,0
2,3,5,0,0
2,3,6,4,0
2,3,7,0,0
2,4,1,0,0
2,4,2,2,0
2,4,3,4,0
2,4,4,0,0
2,4,5,0,0
2,4,6,4,0
2,5,1,4,0
2,5,2,1,0
2,5,3,1,0
2,5,4,0,0
2,5,5,1,0
2,5,6,0,0
2,6,1,4,0
2,6,2,0,0
2,6,3,1,0
2,6,4,1,0
2,6,5,0,0
2,6,6,0,0
2,7,1,0,0
2,7,2,1,0
2,7,3,0,0
2,7,4,0,0
2,7,5,2,0
2,7,6,0,0
2,8,1,1,0
2,8,2,0,0
2,8,3,0,0
2,8,4,1,0
2,8,5,1,0
2,8,6,0,0
2,9,1,0,0
2,9,2,1,0
2,9,3,0,0
2,9,4,6,0
2,9,5,2,0
2,9,6,0,0
2,10,1,0,0
2,10,2,1,0
2,10,3,1,0
2,10,4,1,0
2,10,5,0,0
2,10,6,1,0
2,10,7,0,0
2,11,1,0,0
2,11,2,2,0
2,11,3,0,0
2,11,4,1,0
2,11,5,0,0
2,11,6,0,0
2,12,1,0,0
2,12,2,1,0
2,12,3,0,0
2,12,4,0,0
2,12,5,0,0
2,12,6,1,0
2,13,1,1,0
2,13,2,6,0
2,13,3,0,0
2,13,4,1,0
2,13,5,0,0
2,13,6,0,0
2,14,1,4,0
2,14,2,0,0
2,14,3,0,0
2,14,4,1,0
2,14,5,1,0
2,14,6,0,0
2,15,1,1,0
2,15,2,6,0
2,15,3,0,0
2,15,4,2,0
2,15,5,1,0
2,15,6,0,0
2,16,1,1,0
2,16,2,1,0
2,16,3,0,0
2,16,4,6,0
2,16,5,1,0
2,16,6,1,0
2,17,1,0,0
2,17,2,1,0
2,17,3,1,0
2,17,4,1,0
2,17,5,0,0
2,17,6,1,0
2,17,7,0,0
2,18,1,1,0
2,18,2,1,0
2,18,3,0,0
2,18,4,0,0
2,18,5,0,0
2,18,6,0,0
2,19,1,4,0
2,19,2,0,0
2,19,3,1,0
2,19,4,0,0
2,19,5,2,0
2,19,6,0,0
2,19,7,1,0
2,20,1,1,0
2,20,2,0,0
2,20,3,6,0
2,20,4,6,0
2,20,5,0,0
2,20,6,0,0
2,20,7,1,0
2,20,8,4,0
2,1,1,0,0
2,1,2,0,0
2,1,3,0,0
2,1,4,0,0
2,1,5,0,0
2,1,6,0,0
2,2,1,0,0
2,2,2,1,0
2,2,3,0,0
2,2,4,0,0
2,2,5,0,0
2,2,6,1,0
2,3,1,6,0
2,3,2,0,0
2,3,3,0,0
2,3,4,6,0
2,3,5,0,0
2,3,6,1,0
2,4,1,6,0
2,4,2,1,0
2,4,3,0,0
2,4,4,2,0
2,4,5,4,0
2,4,6,4,0
2,5,1,1,0
2,5,2,1,0
2,5,3,1,0
2,5,4,1,0
2,5,5,0,0
2,5,6,0,0
2,5,7,1,0
2,6,1,4,0
2,6,2,0,0
2,6,3,0,0
2,6,4,4,0
2,6,5,2,0
2,6,6,4,0
2,7,1,6,0
2,7,2,0,0
2,7,3,1,0
2,7,4,1,0
2,7,5,1,0
2,7,6,0,0
2,8,1,0,0
2,8,2,1,0
2,8,3,0,0
2,8,4,0,0
2,8,5,0,0
2,8,6,1,0
2,9,1,0,0
2,9,2,0,0
2,9,3,1,0
2,9,4,0,0
2,9,5,1,0
2,9,6,1,0
2,10,1,1,0
2,10,2,2,0
2,10,3,1,0
2,10,4,6,0
2,10,5,0,0
2,10,6,0,0
2,10,7,1,0
2,11,1,0,0
2,11,2,0,0
2,11,3,0,0
2,11,4,0,0
2,11,5,1,0
2,11,6,1,0
2,12,1,0,0
2,12,2,0,0
2,12,3,0,0
2,12,4,1,0
2,12,5,4,0
2,12,6,2,0
2,13,1,1,0
2,13,2,4,0
2,13,3,1,0
2,13,4,1,0
2,13,5,1,0
2,13,6,2,0
2,14,1,0,0
2,14,2,6,0
2,14,3,0,0
2,14,4,1,0
2,14,5,0,0
2,14,6,2,0
2,15,1,1,0
2,15,2,0,0
2,15,3,0,0
2,15,4,1,0
2,15,5,0,0
2,15,6,1,0
2,16,1,1,0
2,16,2,2,0
2,16,3,2,0
2,16,4,1,0
2,16,5,1,0
2,16,6,0,0
2,17,1,1,0
2,17,2,0,0
2,17,3,2,0
2,17,4,1,0
2,17,5,1,0
2,17,6,1,0
2,18,1,0,0
2,18,2,1,0
2,18,3,6,0
2,18,4,1,0
2,18,5,4,0
2,18,6,0,0
2,18,7,1,0
2,19,1,1,0
2,19,2,4,0
2,19,3,1,0
2,19,4,1,0
2,19,5,1,0
2,19,6,1,0
2,1,1,0,0
2,1,2,2,0
2,1,3,4,0
2,1,4,2,0
2,1,5,0,0
2,1,6,4,0
2,2,1,0,0
2,2,2,0,0
2,2,3,1,0
2,2,4,0,0
2,2,5,0,0
2,2,6,1,0
2,3,1,0,0
2,3,2,0,0
2,3,3,0,0
2,3,4,0,0
2,3,5,1,0
2,3,6,1,0
2,4,1,1,0
2,4,2,0,0
2,4,3,1,0
2,4,4,6,0
2,4,5,4,0
2,4,6,1,0
2,5,1,0,0
2,5,2,0,0
2,5,3,0,0
2,5,4,0,0
2,5,5,4,0
2,5,6,1,0
2,6,1,1,0
2,6,2,0,0
2,6,3,0,0
2,6,4,1,0
2,6,5,0,0
2,6,6,2,0
2,7,1,0,0
2,7,2,0,0
2,7,3,1,0
2,7,4,1,0
2,7,5,1,0
2,7,6,1,0
2,8,1,1,0
2,8,2,4,0
2,8,3,1,0
2,8,4,2,0
2,8,5,1,0
2,8,6,4,0
2,8,7,1,0
2,8,8,0,0
2,9,1,1,0
2,9,2,1,0
2,9,3,1,0
2,9,4,0,0
2,9,5,1,0
2,9,6,0,0
2,10,1,0,0
2,10,2,1,0
2,10,3,4,0
2,10,4,0,0
2,10,5,4,0
2,10,6,6,0
2,11,1,1,0
2,11,2,0,0
2,11,3,1,0
2,11,4,4,0
2,11,5,1,0
2,11,6,0,0
2,12,1,1,0
2,12,2,0,0
2,12,3,1,0
2,12,4,0,0
2,12,5,1,0
2,12,6,0,0
2,13,1,0,0
2,13,2,1,0
2,13,3,0,0
2,13,4,0,0
2,13,5,0,0
2,13,6,6,0
2,14,1,2,0
2,14,2,1,0
2,14,3,0,0
2,14,4,1,0
2,14,5,6,0
2,14,6,2,0
2,15,1,1,0
2,15,2,1,0
2,15,3,0,0
2,15,4,2,0
2,15,5,0,0
2,15,6,4,0
2,16,1,1,0
2,16,2,6,0
2,16,3,0,0
2,16,4,4,0
2,16,5,1,0
2,16,6,1,0
2,17,1,1,0
2,17,2,1,0
2,17,3,1,0
2,17,4,1,0
2,17,5,0,0
2,17,6,2,0
2,17,7,0,0
2,18,1,1,0
2,18,2,4,0
2,18,3,1,0
2,18,4,2,0
2,18,5,1,0
2,18,6,1,0
2,18,7,0,0
2,19,1,1,0
2,19,2,1,0
2,19,3,2,0
2,19,4,1,0
2,19,5,0,0
2,19,6,1,0
2,20,1,1,0
2,20,2,2,0
2,20,3,6,0
2,20,4,4,0
2,1,1,0,0
2,1,2,4,0
2,1,3,0,0
2,1,4,1,0
2,1,5,0,0
2,1,6,1,0
2,2,1,4,0
2,2,2,1,0
2,2,3,1,0
2,2,4,0,0
2,2,5,4,0
2,2,6,0,0
2,3,1,0,0
2,3,2,1,0
2,3,3,1,0
2,3,4,0,0
2,3,5,1,0
2,3,6,1,0
2,4,1,1,0
2,4,2,1,0
2,4,3,4,0
2,4,4,2,0
2,4,5,6,0
2,4,6,4,0
2,5,1,1,0
2,5,2,0,0
2,5,3,1,0
2,5,4,1,0
2,5,5,1,0
2,5,6,1,0
2,6,1,0,0
2,6,2,4,0
2,6,3,4,0
2,6,4,4,0
2,6,5,1,0
2,6,6,4,0
2,7,1,0,0
2,7,2,0,0
2,7,3,1,0
2,7,4,1,0
2,7,5,1,0
2,7,6,1,0
2,7,7,0,0
2,7,8,0,0
2,8,1,1,0
2,8,2,1,0
2,8,3,0,0
2,8,4,0,0
2,8,5,1,0
2,8,6,1,0
2,8,7,4,0
2,9,1,0,0
2,9,2,0,0
2,9,3,6,0
2,9,4,0,0
2,9,5,1,0
2,9,6,1,0
2,10,1,1,0
2,10,2,6,0
2,10,3,0,0
2,10,4,1,0
2,10,5,1,0
2,10,6,0,0
2,11,1,0,0
2,11,2,2,0
2,11,3,0,0
2,11,4,6,0
2,11,5,1,0
2,11,6,0,0
2,12,1,1,0
2,12,2,1,0
2,12,3,3,0
2,12,4,0,0
2,12,5,0,0
2,12,6,0,0
2,13,1,1,0
2,13,2,1,0
2,13,3,1,0
2,13,4,1,0
2,13,5,1,0
2,13,6,1,0
2,14,1,4,0
2,14,2,0,0
2,14,3,0,0
2,14,4,1,0
2,14,5,0,0
2,14,6,4,0
2,15,1,1,0
2,15,2,2,0
2,15,3,2,0
2,15,4,2,0
2,15,5,1,0
2,15,6,6,0
2,16,1,1,0
2,16,2,6,0
2,16,3,0,0
2,16,4,6,0
2,16,5,1,0
2,16,6,6,0
2,17,1,0,0
2,17,2,4,0
2,17,3,2,0
2,17,4,1,0
2,17,5,1,0
2,17,6,0,0
2,18,1,1,0
2,18,2,1,0
2,18,3,4,0
2,18,4,1,0
2,18,5,1,0
2,18,6,1,0
2,18,7,0,0
2,18,8,1,0
2,19,1,1,0
2,19,2,0,0
2,19,3,1,0
2,19,4,0,0
2,19,5,4,0
2,1,1,0,0
2,1,2,0,0
2,1,3,1,0
2,1,4,1,0
2,1,5,0,0
2,1,6,4,0
2,2,1,0,0
2,2,2,1,0
2,2,3,6,0
2,2,4,0,0
2,2,5,4,0
2,2,6,1,0
2,2,7,0,0
2,3,1,1,0
2,3,2,6,0
2,3,3,0,0
2,3,4,4,0
2,3,5,0,0
2,3,6,0,0
2,4,1,4,0
2,4,2,4,0
2,4,3,1,0
2,4,4,4,0
2,4,5,1,0
2,4,6,2,0
2,4,7,1,0
2,4,8,4,0
2,5,1,1,0
2,5,2,4,0
2,5,3,6,0
2,5,4,1,0
2,5,5,6,0
2,5,6,0,0
2,5,7,4,0
2,6,1,4,0
2,6,2,4,0
2,6,3,4,0
2,6,4,1,0
2,6,5,4,0
2,6,6,1,0
2,7,1,0,0
2,7,2,1,0
2,7,3,2,0
2,7,4,4,0
2,7,5,1,0
2,7,6,6,0
2,7,7,1,0
2,7,8,1,0
2,7,9,1,0
2,8,1,2,0
2,8,2,0,0
2,8,3,6,0
2,8,4,0,0
2,8,5,0,0
2,8,6,0,0
2,9,1,0,0
2,9,2,1,0
2,9,3,1,0
2,9,4,0,0
2,9,5,0,0
2,9,6,4,0
2,10,1,1,0
2,10,2,1,0
2,10,3,0,0
2,10,4,1,0
2,10,5,4,0
2,10,6,0,0
2,11,1,1,0
2,11,2,1,0
2,11,3,1,0
2,11,4,1,0
2,11,5,0,0
2,11,6,0,0
2,11,7,0,0
2,12,1,0,0
2,12,2,6,0
2,12,3,0,0
2,12,4,0,0
2,12,5,4,0
2,12,6,1,0
2,13,1,1,0
2,13,2,0,0
2,13,3,1,0
2,13,4,1,0
2,13,5,0,0
2,13,6,0,0
2,14,1,4,0
2,14,2,0,0
2,14,3,0,0
2,14,4,6,0
2,14,5,1,0
2,14,6,1,0
2,15,1,1,0
2,15,2,0,0
2,15,3,1,0
2,15,4,1,0
2,15,5,4,0
2,15,6,1,0
2,15,7,0,0
2,15,8,2,0
2,16,1,2,0
2,16,2,0,0
2,16,3,1,0
2,16,4,0,0
2,16,5,1,0
2,16,6,1,0
2,17,1,1,0
2,17,2,4,0
2,17,3,1,0
2,17,4,4,0
2,17,5,6,0
1,1,1,2,0
1,1,2,0,0
1,1,3,0,0
1,1,4,0,0
1,1,5,1,0
1,1,6,0,0
1,2,1,0,0
1,2,2,0,0
1,2,3,5,0
1,2,4,0,0
1,2,5,0,0
1,2,6,0,0
1,2,7,0,0
1,3,1,6,0
1,3,2,1,0
1,3,3,4,0
1,3,4,4,0
1,3,5,0,0
1,3,6,0,0
1,4,1,1,0
1,4,2,4,0
1,4,3,0,0
1,4,4,1,0
1,4,5,0,0
1,4,6,1,0
1,5,1,2,0
1,5,2,4,0
1,5,3,4,0
1,5,4,4,0
1,5,5,0,0
1,5,6,0,0
1,6,1,0,0
1,6,2,0,0
1,6,3,0,0
1,6,4,0,0
1,6,5,0,0
1,6,6,0,0
1,7,1,2,0
1,7,2,0,0
1,7,3,1,0
1,7,4,0,0
1,7,5,1,0
1,7,6,1,0
1,8,1,1,0
1,8,2,4,0
1,8,3,1,0
1,8,4,1,0
1,8,5,2,0
1,8,6,1,0
1,9,1,1,0
1,9,2,4,0
1,9,3,0,0
1,9,4,0,0
1,9,5,0,0
1,9,6,1,0
1,10,1,0,0
1,10,2,1,0
1,10,3,0,0
1,10,4,1,0
1,10,5,0,0
1,10,6,0,0
1,11,1,1,0
1,11,2,1,0
1,11,3,1,0
1,11,4,0,0
1,11,5,0,0
1,11,6,0,0
1,12,1,0,0
1,12,2,1,0
1,12,3,6,0
1,12,4,1,0
1,12,5,1,0
1,12,6,1,0
1,13,1,0,0
1,13,2,0,0
1,13,3,1,0
1,13,4,1,0
1,13,5,1,0
1,13,6,1,0
1,14,1,2,0
1,14,2,0,0
1,14,3,6,0
1,14,4,1,0
1,14,5,4,0
1,14,6,1,0
1,15,1,0,0
1,15,2,2,0
1,15,3,1,0
1,15,4,0,0
1,15,5,1,0
1,15,6,1,0
1,16,1,1,0
1,16,2,0,0
1,16,3,0,0
1,16,4,1,0
1,16,5,1,0
1,16,6,2,0
1,17,1,1,0
1,17,2,1,0
1,17,3,0,0
1,17,4,4,0
1,17,5,0,0
1,17,6,4,0
1,17,7,4,0
1,18,1,1,0
1,18,2,6,0
1,18,3,2,0
1,18,4,1,0
1,18,5,0,0
1,18,6,1,0
1,19,1,6,0
1,19,2,1,0
1,19,3,4,0
1,19,4,1,0
1,19,5,1,0
1,19,6,1,0
1,20,1,1,0
1,20,2,4,0
1,20,3,1,0
1,20,4,2,0
1,20,5,3,0
1,20,6,0,0
2,1,1,0,0
2,1,2,0,0
2,1,3,0,0
2,1,4,0,0
2,1,5,1,0
2,1,6,1,0
2,2,1,1,0
2,2,2,1,0
2,2,3,4,0
2,2,4,1,0
2,2,5,0,0
2,2,6,6,0
2,2,7,4,0
2,2,8,0,0
2,3,1,0,0
2,3,2,1,0
2,3,3,1,0
2,3,4,1,0
2,3,5,1,0
2,3,6,0,0
2,4,1,1,0
2,4,2,6,0
2,4,3,1,0
2,4,4,2,0
2,4,5,0,0
2,4,6,0,0
2,5,1,1,0
2,5,2,4,0
2,5,3,4,0
2,5,4,0,0
2,5,5,0,0
2,5,6,4,0
2,6,1,0,0
2,6,2,0,0
2,6,3,1,0
2,6,4,1,0
2,6,5,6,0
2,6,6,0,0
2,7,1,1,0
2,7,2,2,0
2,7,3,1,0
2,7,4,0,0
2,7,5,1,0
2,7,6,1,0
2,7,7,1,0
2,8,1,1,0
2,8,2,1,0
2,8,3,1,0
2,8,4,1,0
2,8,5,0,0
2,8,6,1,0
2,9,1,1,0
2,9,2,1,0
2,9,3,6,0
2,9,4,1,0
2,9,5,0,0
2,9,6,4,0
2,10,1,1,0
2,10,2,1,0
2,10,3,2,0
2,10,4,1,0
2,10,5,1,0
2,10,6,1,0
2,11,1,0,0
2,11,2,0,0
2,11,3,0,0
2,11,4,1,0
2,11,5,1,0
2,11,6,0,0
2,12,1,1,0
2,12,2,1,0
2,12,3,1,0
2,12,4,0,0
2,12,5,4,0
2,12,6,0,0
2,13,1,0,0
2,13,2,1,0
2,13,3,1,0
2,13,4,1,0
2,13,5,0,0
2,13,6,1,0
2,14,1,0,0
2,14,2,6,0
2,14,3,4,0
2,14,4,1,0
2,14,5,0,0
2,14,6,0,0
2,15,1,1,0
2,15,2,1,0
2,15,3,4,0
2,15,4,2,0
2,15,5,1,0
2,15,6,2,0
2,16,1,2,0
2,16,2,1,0
2,16,3,2,0
2,16,4,0,0
2,16,5,1,0
2,16,6,1,0
2,16,7,1,0
2,17,1,1,0
2,17,2,1,0
2,17,3,4,0
2,17,4,1,0
2,17,5,1,0
2,17,6,4,0
2,18,1,6,0
2,18,2,0,0
2,18,3,1,0
2,18,4,1,0
2,18,5,1,0
2,18,6,6,0
2,18,7,1,0
2,19,1,1,0
2,19,2,1,0
2,19,3,2,0
2,19,4,0,0
2,19,5,1,0
2,19,6,0,0
2,1,1,0,0
2,1,2,0,0
2,1,3,0,0
2,1,4,4,0
2,1,5,0,0
2,1,6,1,0
2,2,1,0,0
2,2,2,0,0
2,2,3,0,0
2,2,4,6,0
2,2,5,1,0
2,2,6,0,0
2,3,1,0,0
2,3,2,1,0
2,3,3,0,0
2,3,4,1,0
2,3,5,0,0
2,3,6,1,0
2,4,1,0,0
2,4,2,1,0
2,4,3,0,0
2,4,4,1,0
2,4,5,0,0
2,4,6,0,0
2,4,7,4,0
2,5,1,0,0
2,5,2,1,0
2,5,3,0,0
2,5,4,0,0
2,5,5,0,0
2,5,6,4,0
2,6,1,4,0
2,6,2,0,0
2,6,3,0,0
2,6,4,0,0
2,6,5,1,0
2,6,6,0,0
2,7,1,4,0
2,7,2,1,0
2,7,3,1,0
2,7,4,0,0
2,7,5,0,0
2,7,6,1,0
2,8,1,4,0
2,8,2,1,0
2,8,3,0,0
2,8,4,2,0
2,8,5,1,0
2,8,6,4,0
2,9,1,1,0
2,9,2,1,0
2,9,3,0,0
2,9,4,4,0
2,9,5,0,0
2,9,6,0,0
2,9,7,1,0
2,10,1,1,0
2,10,2,1,0
2,10,3,0,0
2,10,4,0,0
2,10,5,1,0
2,10,6,1,0
2,10,7,6,0
2,11,1,4,0
2,11,2,1,0
2,11,3,4,0
2,11,4,0,0
2,11,5,1,0
2,11,6,4,0
2,12,1,1,0
2,12,2,1,0
2,12,3,1,0
2,12,4,4,0
2,12,5,0,0
2,12,6,1,0
2,13,1,0,0
2,13,2,0,0
2,13,3,2,0
2,13,4,1,0
2,13,5,2,0
2,13,6,4,0
2,14,1,1,0
2,14,2,0,0
2,14,3,0,0
2,14,4,2,0
2,14,5,0,0
2,14,6,1,0
2,15,1,6,0
2,15,2,0,0
2,15,3,0,0
2,15,4,0,0
2,15,5,4,0
2,15,6,0,0
2,16,1,1,0
2,16,2,6,0
2,16,3,1,0
2,16,4,2,0
2,16,5,2,0
2,16,6,0,0
2,16,7,1,0
2,17,1,0,0
2,17,2,0,0
2,17,3,4,0
2,17,4,1,0
2,17,5,1,0
2,17,6,1,0
2,18,1,1,0
2,18,2,1,0
2,18,3,0,0
2,18,4,0,0
2,18,5,1,0
2,18,6,1,0
2,18,7,1,0
2,19,1,0,0
2,19,2,0,0
2,19,3,1,0
2,19,4,1,0
2,19,5,1,0
2,19,6,0,0
2,20,1,1,0
2,20,2,2,0
2,20,3,6,0
2,20,4,2,0
2,20,5,6,0
2,20,6,4,0
